Bcd_001,GCTATCGTTCGTTCGAGGCC
Bcd_002,CCCATGATCGTCCGATCTGG
Bcd_003,AACGAGACGGTCAATCGCGC
Bcd_004,AGTGAATTGCTGCGCATCGG
Bcd_005,AAGTTCAACGGGACCGTGGC
Bcd_006,TCTGTTTGACGCGCTGGACG
Bcd_007,GCAAGGGACGCTCGTTACGG
Bcd_008,TTAGTCGTCGCAACGCCAGG
Bcd_009,GTAAGCGCAACGGTGGACCG
Bcd_010,AAATTGCGTGACGGACCTGG
Bcd_011,GCAGATTCCGCTACGCTCCG
Bcd_012,GTATCCGTTCCCGACAAGCG
Bcd_013,CGGCCGAATTACATCCGTCG
Bcd_014,ATTGCCCTACTCGCAAGCGG
Bcd_015,GGTCGATGCCCTAATCCACG
Bcd_016,CCCTCGGTCCCACCTTACGG
Bcd_017,GTTGATTCAAAGATCCGGCG
Bcd_018,GAACTACGCAATTGCGCGAT
Bcd_019,AATCGATCCACTACCGTCGA
Bcd_020,AACCGGTACATGACGCGGAA
Bcd_021,GTGAAATCGCAGCAGCCCAC
Bcd_022,TAGCAAAGCCGGTAGCGACA
Bcd_023,TGGGCATATTAAGACCGCCA
Bcd_024,GTCCGAGAAAAGGCCGCCGG
Bcd_025,CGTCAACTAACCTGCTCGGT
Bcd_026,GTCCTGTTCTTGTCGAGCGT
Bcd_027,ATCCGTAGACCAACCGGCCG
Bcd_028,CTGAATCCGTCGTTCCAGAC
Bcd_029,TTATCCATCCCACCGCACCG
Bcd_030,CGAAGTACGCGGTACGAACG
Bcd_031,CAGTTCAACTCGTGCGCACT
Bcd_032,AGCCCGTCTAAACGCGGCGA
Bcd_033,GCCGCGATATTCACGCCGCG
Bcd_034,ATGAAACGTCTGGGCCCGTA
Bcd_035,CTCACGGTACTGGCGGACAC
Bcd_036,TCGCGCACGAGCGCTAATCG
Bcd_037,AGTCCGCGCCAGGGATACGG
Bcd_038,TAACGCAAGCTGCCTTACGT
Bcd_039,TTGCGTCCGCGTGGCGACGG
Bcd_040,CCCGTCCAAGAGGGCTCGTA
Bcd_041,CGATTAAGTAAAAGGCGCGT
Bcd_042,GCCCGCAGTAACGCTCCGAG
Bcd_043,GTCAGACAAAAGGGCCCGAT
Bcd_044,CTTACACCAGTATCGCGACG
Bcd_045,GCCGCGACTGAGCCGAGTCA
Bcd_046,ACACGGCATCACGGTCCGGC
Bcd_047,GCGAAGGCCTACCGACGCCG
Bcd_048,ACGCACGCTCTCTTGCCGTC
Bcd_049,GTCGCCCGTGCTTCCGGGAC
Bcd_050,TCGGCGTGCCTACGGAATCC
Bcd_051,ACGGTCCACGTCCCACGACG
Bcd_052,GGTGTAGTTCTCCGATTGCG
Bcd_053,GTCGCCTTTATTGAGGCGAT
Bcd_054,GCGCGCGGGTGCGCCCGCTT
Bcd_055,CGCTAACCGGGTGAGCTACG
Bcd_056,CATTGACGCGTCCTCATACG
Bcd_057,TACCTCCATGCCGATAGAGT
Bcd_058,CGGACCCTTTGCCTACGGAC
Bcd_059,GGGTCTTTCGCACCATTGTC
Bcd_060,TTTGACTTCAGCGGATCATC
Bcd_061,CGATGCGCCAATTCCTCGCG
Bcd_062,TGAAAGGCTCACGGCATCTT
Bcd_063,GTGGCCTTAGGGATTGGAAG
Bcd_064,GAGCTTGGACCGATGGCGAA
Bcd_065,TTGCGCGTGATCGCTAAGTT
Bcd_066,GCCGGACGAATCAGCGATAG
Bcd_067,TAGACGGCCGATTCGCGGCT
Bcd_068,GGCCGTTATTTCCGGGATTT
Bcd_069,CTGCGCATCGAATGCCCATT
Bcd_070,TTGCAGCGCCGTGGTTGACG
Bcd_071,AAAGCGCGTTGCTTCATTGG
Bcd_072,TGGACGTACACCATCTTGCG
Bcd_073,TGGTGTAAGGCGCGACAAAG
Bcd_074,TGTCAAGCGGTCGCGTGAAT
Bcd_075,GTCATACCCGAGCGCTTCTC
Bcd_076,AGCGATTCGCCGTTGTTGAC
Bcd_077,TGCGAACTGTCCGGCTTTCA
Bcd_078,TGAGGTCGTCCGGATGAGTG
Bcd_079,TTCGCGATGGGCCTATCGTG
Bcd_080,TTTGCACTGCCGTCCTTGAC
Bcd_081,AGTCGCGAGGCTGACTCCGA
Bcd_082,TTGCGAGTGATGTGTATCAA
Bcd_083,CATTGCGTGTGGCGACGCGT
Bcd_084,GTTGAACAAACGCGGTGAAG
Bcd_085,TGGGAGATGTCCGACTCTGG
Bcd_086,GTTCGATTGAGGGACGTGTC
Bcd_087,CTCTTGACATGCCGGTCCAA
Bcd_088,GGATATCGACCGGAAGTCCA
Bcd_089,TCTCGTCCAAACCGACGTCA
Bcd_090,ATGTCGGGCGCTCACAAGGG
Bcd_091,CAACACGATTGCCGCTTGAG
Bcd_092,CGACCCATGCGGACCTGACA
Bcd_093,TTTGGCACTCTGGGATCCAC
Bcd_094,TCAAGTGCGTCGCGTAAGCA
Bcd_095,TGTGCGATGATCGGAACGAC
Bcd_096,CGTGTACGTCCACGCAATGT
Bcd_097,CGCGACAGCACACGGGACGT
Bcd_098,TTGCGCGAGACCAACTTTGG
Bcd_099,GCATCGAGTTCGTCGCAGTC
Bcd_100,AAGCGGACACCGTCGTGAAG
Bcd_101,CCTCGCCTACGCATGTGGGC
Bcd_102,TTGATTGAAGCGGCAATCGC
Bcd_103,ATCCGAGTGTGCCGTTTGTT
Bcd_104,AACACGGGCAAGTGCGCAGG
Bcd_105,TGCCGTTCGTCTGCGCTTGG
Bcd_106,AAGATGTGGCGAACCTTGTG
Bcd_107,GTTACCGCACCAGGGAATTT
Bcd_108,AGACATCGGTCCCGTCATGA
Bcd_109,TCGTTCACCGCGCGTTCTCG
Bcd_110,GGCAGATCGGCTTTGATCGT
Bcd_111,AACACCGAGTGGCGTACCTG
Bcd_112,GGTGTTTGCCGAGCCTTCGG
Bcd_113,GCCGTGGAGACGACCTATTT
Bcd_114,AGTCTCTTGCGATGCCAGAG
Bcd_115,GATCGGGACATGAGCTTCAT
Bcd_116,CACCTCGCGCAAATCCAGGC
Bcd_117,AAGTCCGCGCAGGAACGTGA
Bcd_118,TCATCCAATTTCGCTATCCG
Bcd_119,GCACGATTCACACGATTTGA
Bcd_120,TATGGACGCTGCGCTTCCCG
Bcd_121,CGGTCATTGGGACGGATCGT
Bcd_122,CCTTTCGGAGTAACCTCGAG
Bcd_123,AATGCGCGACCGACTTGAAC
Bcd_124,TTCGAAAGCGTGCGTTCATC
Bcd_125,CGAACGGCAGCCAACTTGGA
Bcd_126,GTTTCATCGTGGACGGGTGC
Bcd_127,GCCGACGGTTTGGAGTTGGA
Bcd_128,TGTCACCACGTTGCGGATCA
Bcd_129,TTTGCTCAGGGTTCGCGCTG
Bcd_130,CGCATGGGTAATCCGTCCGG
Bcd_131,CGTATCACTTCCAGCGTGAG
Bcd_132,ACGGCGACTTCGTTTGGCGT
Bcd_133,AGTCCGTGTAACGCGTAAGT
Bcd_134,ATTTGCGACGTCGGTTCGGT
Bcd_135,GTCAAATCCGCCAGGAGTCG
Bcd_136,GGGTGCACATAGGTCTGACG
Bcd_137,CACCCGTAGTCGCGGTTCGT
Bcd_138,CGAGTATGGAACCGCGCCAA
Bcd_139,TCCGAATGCCACGCATTTGG
Bcd_140,TATGGTTATGCCGACTTGCA
Bcd_141,AGTAAGCTGGGCGCGTGCAA
Bcd_142,ACGTGGGTTGCACGGTGCGA
Bcd_143,GGGACGCTCCCAACCGACTT
Bcd_144,TATGTGCCGACTGCGGAGTA
Bcd_145,CAACGGTAGTGGCAGAAGTT
Bcd_146,CGAGGTTGCGCAATCGCCGA
Bcd_147,TGCAAACGGTTGACGCGTTA
Bcd_148,TGGTATGTGACCGCACATCA
Bcd_149,GGCGTTTCGTCCCGTCAAAC
Bcd_150,TCGTGATTGCTGGCGACCAC
Bcd_151,CAGTAGGAGTCTCGCGACGA
Bcd_152,GAGAAAGCTCGACCGTCCGA
Bcd_153,TGATGCTCCCATGCGTTATG
Bcd_154,GCACATCTCGCCACCATGCC
Bcd_155,AACGTTACCCGAGGCATCCC
Bcd_156,AATCGCGGCATAACCCAGCA
Bcd_157,GGAGAATCCCTGTCCCATAT
Bcd_158,CGAAGTCATGGTGCGAGCAA
Bcd_159,TCGGGACGACAGTGATGATG
Bcd_160,GAACGATCGACGTCGAGTTC
Bcd_161,TCCCGGATGTCGGCTGGGTT
Bcd_162,ATGATCGCAAGCCCGGTTGG
Bcd_163,AGTTCAGTAGTCGCCTCGGA
Bcd_164,TTCAAGCGAGGGATGTGCCT
Bcd_165,CATGAGCAGTTCGCGCCGTT
Bcd_166,TTGTTGCAATGCCCGTCCTC
Bcd_167,CCAAGATTCAGCGGTTCGAT
Bcd_168,ATGGCGGACAGACTCAAGCG
Bcd_169,CCGTCCGTTGGAATGGTGAA
Bcd_170,CGTAACACGCCGCCAAGTCG
Bcd_171,AATCGTCATCGCCACATTGC
Bcd_172,GGGTTTCGCCTTTCCTGGCG
Bcd_173,GAGTTGGCGATGCACTTTGG
Bcd_174,GTCATGCGATACCCGGCTTT
Bcd_175,GTCAAGCAGTCGCCTATGTT
Bcd_176,ATGCGGCACCTTCGATGGAT
Bcd_177,GATGGCGTTCATTCGTGCCC
Bcd_178,ACTCGTGGTCGCGATGTCGC
Bcd_179,TTTGGTACGCACGCGACTGG
Bcd_180,TCGGTGGGAATGACCCAAAT
Bcd_181,GTGGGCGTGAGAGGGCATGC
Bcd_182,AAGGATCTCTGCGCCGACCT
Bcd_183,TCCCGACATGGCGTGTCCAA
Bcd_184,GGCGCAATGTTCGCGTGGTG
Bcd_185,TTGTTGCGGCGTTCGCCGTC
Bcd_186,TGCTCCACATTCGCGTTCGC
Bcd_187,TGTCTTCGTTGCGGCAATAT
Bcd_188,ACGACATGTTGCGACTGTCG
Bcd_189,TAGATGCGCACACCGCGATC
Bcd_190,TTACGTGGGTGTCGGTGGTC
Bcd_191,GCAATGGACACGCTAAGATT
Bcd_192,ACGCATGCCAACTTCGGTAT
Bcd_193,ATGCTGCCGCACCAACGTGC
Bcd_194,TGCGAATCGGCGCGAACTGA
Bcd_195,CGTCGGAGAACGGATCGGAG
Bcd_196,CAACGCCCACGAGCACGTTC
Bcd_197,GGAGTGAACGCCGATTCAAC
Bcd_198,ATGTTGCAGCCGACACCATA
Bcd_199,TCAAGCGTGTCGGCGTTGCG
