MER1,CACCGACGTCGCATAGAACG
MER2,GACCAAGAGCGGACGTTGTG
MER2RevComp,GCGATCATTGGGCACAACGT
MER3,TCGCGCTTTCATCGTATCGC
MER4,ATAGGAAATGGTGGTAGTGT
MER5,AGGGTGTGTTTGTAAAGGGT
MER6,TTGGAGGTGTAGGGAGTAAA
MER7,GATCCGATTGGAACCGTCCC
MER8,GCTATCGTTCGTTCGAGGCC
MER9,CCCATGATCGTCCGATCTGG
MER10,AACGAGACGGTCAATCGCGC
MER11,AGTGAATTGCTGCGCATCGG
MER12,AAGTTCAACGGGACCGTGGC
MER13,TCTGTTTGACGCGCTGGACG
MER14,GCAAGGGACGCTCGTTACGG
MER15,TTAGTCGTCGCAACGCCAGG
MER16,GTAAGCGCAACGGTGGACCG
MER17,AAATTGCGTGACGGACCTGG
MER18,GCAGATTCCGCTACGCTCCG
MER19,GTATCCGTTCCCGACAAGCG
MER20,CGGCCGAATTACATCCGTCG
MER21,TAGCGCAGGAGGTCCACGAC
MER22,CGCAGCTCCACTTGATCTCG
MER23,CGAGCCAGGTCATCCTAGCC
MER24,GGTGTGGCTCGGTATCGTGC
MER25,ATTGCCCTACTCGCAAGCGG
MER26,GGTCGATGCCCTAATCCACG
MER27,CCATAACAACGGCTAGCACG
MER28,CCCTCGGTCCCACCTTACGG
MER29,GTTGATTCAAAGATCCGGCG
MER30,AATCGATCCACTACCGTCGA
MER31,AACCGGTACATGACGCGGAA
MER32,GTGAAATCGCAGCAGCCCAC
MER33,TAGCAAAGCCGGTAGCGACA
MER34,TGGGCATATTAAGACCGCCA
MER35,GTCCGAGAAAAGGCCGCCGG
MER36,CGTCAACTAACCTGCTCGGT
RS0639,AGTGTGGGATTGATGAGATA
RS0708,GAGATTAGAGATGAGTTGGA
